<?xml version="1.0" encoding="UTF-8"?>
<project-private xmlns="http://www.netbeans.org/ns/project-private/1">
    <editor-bookmarks xmlns="http://www.netbeans.org/ns/editor-bookmarks/2" lastBookmarkId="0"/>
    <open-files xmlns="http://www.netbeans.org/ns/projectui-open-files/2">
        <group>
            <file>file:/C:/Users/Abdi/Desktop/COE528/finalLAB/StateDesign/src/statedesign/Goldlvl.java</file>
            <file>file:/C:/Users/Abdi/Desktop/COE528/finalLAB/StateDesign/src/statedesign/Customer.java</file>
            <file>file:/C:/Users/Abdi/Desktop/COE528/finalLAB/StateDesign/src/statedesign/Silverlvl.java</file>
            <file>file:/C:/Users/Abdi/Desktop/COE528/finalLAB/StateDesign/src/statedesign/BankAccount.java</file>
            <file>file:/C:/Users/Abdi/Desktop/COE528/finalLAB/StateDesign/src/statedesign/Manager.java</file>
            <file>file:/C:/Users/Abdi/Desktop/COE528/finalLAB/StateDesign/src/statedesign/Account.java</file>
            <file>file:/C:/Users/Abdi/Desktop/COE528/finalLAB/StateDesign/src/statedesign/AccountLevel.java</file>
            <file>file:/C:/Users/Abdi/Desktop/COE528/finalLAB/StateDesign/src/statedesign/BankInterface.java</file>
            <file>file:/C:/Users/Abdi/Desktop/COE528/finalLAB/StateDesign/src/statedesign/User.java</file>
            <file>file:/C:/Users/Abdi/Desktop/COE528/finalLAB/StateDesign/src/statedesign/Platinumlvl.java</file>
        </group>
    </open-files>
</project-private>
